Link Name,Center of Mass X,Center of Mass Y,Center of Mass Z,Center of Mass Roll,Center of Mass Pitch,Center of Mass Yaw,Mass,Moment Ixx,Moment Ixy,Moment Ixz,Moment Iyy,Moment Iyz,Moment Izz,Visual X,Visual Y,Visual Z,Visual Roll,Visual Pitch,Visual Yaw,Mesh Filename,Color Red,Color Green,Color Blue,Color Alpha,Collision X,Collision Y,Collision Z,Collision Roll,Collision Pitch,Collision Yaw,Collision Mesh Filename,Material Name,SW Components,Coordinate System,Axis Name,Joint Name,Joint Type,Joint Origin X,Joint Origin Y,Joint Origin Z,Joint Origin Roll,Joint Origin Pitch,Joint Origin Yaw,Parent,Joint Axis X,Joint Axis Y,Joint Axis Z,Limit Effort,Limit Velocity,Limit Lower,Limit Upper,Calibration rising,Calibration falling,Dynamics Damping,Dynamics Friction,Safety Soft Upper,Safety Soft Lower,Safety K Position,Safety K Velocity
base_link,-0.227493721449308,0.129991746243675,0.0555028320183144,0,0,0,0.216733439424429,0.000468061564094102,1.23484133859042E-05,2.95135168313925E-06,0.00067187213255609,1.33982564991574E-06,0.000915513516700903,0,0,0,0,0,0,package://reccobot_description/meshes/base_link.STL,0.698039215686274,0.698039215686274,0.698039215686274,1,0,0,0,0,0,0,package://reccobot_description/meshes/base_link.STL,,BASE_LINK^reccobot_description-1,Origin_global,,,,0,0,0,0,0,0,,0,0,0,,,,,,,,,,,,
servo11,-0.17622,0.060069,0.022478,0,0,0,0.055057,1.166E-05,2.8712E-06,-3.1749E-07,1.1685E-05,3.1572E-07,9.2502E-06,0,0,0,0,0,0,package://reccobot_description/meshes/servo11.STL,0.64314,0.58824,0.89412,1,0,0,0,0,0,0,package://reccobot_description/meshes/servo11.STL,,SERVO_1_1^reccobot_description-1,Origin_base_servo112,,base_servo11,fixed,0.022459,-0.037253,0.013934,1.5708,0,0,base_link,0,0,0,,,,,,,,,,,,
coxa1l,-0.031783529731658,0.0231299258057219,0.0172727573242147,0,0,0,0.0210998931296677,1.77344719326153E-05,3.48878926734278E-06,-1.73448229544293E-07,2.13052902677955E-05,3.93407587336972E-07,1.11184022512421E-05,0,0,0,0,0,0,package://reccobot_description/meshes/coxa1l.STL,0.698039215686274,0.698039215686274,0.698039215686274,1,0,0,0,0,0,0,package://reccobot_description/meshes/coxa1l.STL,,LEG_1_1^reccobot_description-1,Origin_coxa1j2,Axis_coxa1j2,coxa1j,revolute,-0.16941,0.053318,0,0,0,3.1194,servo11,0,0,1,1,6,-1.57,1.57,0,0,0.05,0.02,1.4,-1.4,30,0.5
servo12,-0.364027031928889,0.221609020499465,0.0194140519398458,0,0,0,0.032837341863771,8.91392891154251E-06,-2.96887244021664E-06,2.48695120478788E-07,8.98362999365117E-06,2.45792507834053E-07,8.26690043502531E-06,0,0,0,0,0,0,package://reccobot_description/meshes/servo12.STL,0.643137254901961,0.588235294117647,0.894117647058823,1,0,0,0,0,0,0,package://reccobot_description/meshes/servo12.STL,,SERVO_1_2^reccobot_description-1,Origin_coxa1_servo122,,coxa1_servo12,fixed,0.3294,-0.17808,-0.0012,0,0,0.002602,coxa1l,0,0,0,,,,,,,,,,,,
femur1l,-0.0969389150859866,-0.0331343043722141,-0.000197850701517746,0,0,0,0.019252812658229,1.48542331366969E-05,1.03180072158057E-06,1.09104621244036E-07,1.41644288284789E-05,-5.45032620583719E-08,2.8003778626815E-05,0,0,0,0,0,0,package://reccobot_description/meshes/femur1l.STL,0.698039215686274,0.698039215686274,0.698039215686274,1,0,0,0,0,0,0,package://reccobot_description/meshes/femur1l.STL,,LEG_1_2^reccobot_description-1,Origin_femur1j2,Axis_femur1j2,femur1j,revolute,-0.3027,0.28222,0.0099194,-0.0053339,-0.0052991,-0.0025879,servo12,0.70941,0.70479,0,4,5.2,-1.57,1.57,,,0.1,0.05,1.4,-1.4,80,1
servo13,-0.0350095850454116,-0.0215653267559031,-1.98928617279256E-05,0,0,0,0.0241727614673822,4.85376814796249E-06,2.48640535301553E-07,-5.91906526276493E-09,5.92686146082808E-06,4.34982077248791E-09,8.53500109133005E-06,0,0,0,0,0,0,package://reccobot_description/meshes/servo13.STL,0.643137254901961,0.588235294117647,0.894117647058823,1,0,0,0,0,0,0,package://reccobot_description/meshes/servo13.STL,,SERVO_1_3^reccobot_description-1,Origin_tibia1j2,Axis_tibia1j2,tibia1j,revolute,-0.095741,0.031748,0,0.0075394,0.0074512,0.0026301,femur1l,0.71124,0.70294,0,1,6,-1.57,1.57,,,0.05,0.02,1.4,-1.4,30,0.5
tibia1l,-0.455256586442077,0.29810523231319,0.0133956395769309,0,0,0,0.0203799728923894,1.67743453323067E-05,1.06771996699811E-05,-2.53160566182682E-06,1.34347140463777E-05,1.93830128872836E-06,2.5516950009184E-05,0,0,0,0,0,0,package://reccobot_description/meshes/tibia1l.STL,0.698039215686274,0.698039215686274,0.698039215686274,1,0,0,0,0,0,0,package://reccobot_description/meshes/tibia1l.STL,,LEG_1_3^reccobot_description-1,Origin_servo13_tibia1l2,,servo13_tibia1l,fixed,0.39838,-0.31423,-0.0076912,0,0,-0.002602,servo13,0,0,0,,,,,,,,,,,,
feet1,-0.0201025875161129,-0.0114983438665156,-0.00520049603956912,0,0,0,0.003079829271407,1.75255793017129E-07,-3.15913841474438E-08,6.25915989212759E-09,1.75668997697067E-07,-6.29890327276735E-09,2.05025345317238E-07,0,0,0,0,0,0,package://reccobot_description/meshes/feet1.STL,0.698039215686274,0.698039215686274,0.698039215686274,1,0,0,0,0,0,0,package://reccobot_description/meshes/feet1.STL,,FEET_1^reccobot_description-1,Origin_feet1j2,Axis_feet1j2,feet1j,revolute,-0.49335,0.37521,-0.015754,-0.050665,-0.050271,0.001274,tibia1l,0.70941,0.70479,0,0,10,-0.785,0.785,,,0.2,0.05,0.7,-0.7,5,0.1
servo21,-0.322289915553315,0.0600292971769946,0.0224779989169101,0,0,0,0.0550572632102972,1.16849388814822E-05,-2.87122122969457E-06,3.15715740427033E-07,1.16596364253512E-05,3.17489347279061E-07,9.25022418211167E-06,0,0,0,0,0,0,package://reccobot_description/meshes/servo21.STL,0.643137254901961,0.588235294117647,0.894117647058823,1,0,0,0,0,0,0,package://reccobot_description/meshes/servo21.STL,,SERVO_2_1^reccobot_description-1,Origin_base_servo212,,base_servo21,fixed,0.022459,-0.037253,0.013934,1.5708,0,0,base_link,0,0,0,,,,,,,,,,,,
coxa2l,-0.0317835318991771,0.0231299252235586,0.0172727578917613,0,0,0,0.0210998942749586,1.77344720147065E-05,3.48878892525706E-06,-1.73447181179619E-07,2.13052915102114E-05,3.93407923297153E-07,1.11184035463231E-05,0,0,0,0,0,0,package://reccobot_description/meshes/coxa2l.STL,0.698039215686274,0.698039215686274,0.698039215686274,1,0,0,0,0,0,0,package://reccobot_description/meshes/coxa2l.STL,,LEG_2_1^reccobot_description-1,Origin_coxa2j2,Axis_coxa2j,coxa2j,revolute,-0.32904,0.053225,0,0,0,1.5445,servo21,0,0,1,1,6,-1.57,1.57,,,0.05,0.02,1.4,-1.4,30,0.5
servo22,-0.364027031922669,0.221609020500305,0.0194140520671123,0,0,0,0.0328373418660146,8.91392891208005E-06,-2.9688724401605E-06,2.48695119849567E-07,8.98362999447983E-06,2.45792509417182E-07,8.26690043512454E-06,0,0,0,0,0,0,package://reccobot_description/meshes/servo22.STL,0.643137254901961,0.588235294117647,0.894117647058823,1,0,0,0,0,0,0,package://reccobot_description/meshes/servo22.STL,,SERVO_2_2^reccobot_description-1,Origin_coxa2l_servo2l2,,coxa2l_servo2l,fixed,0.32962,-0.17788,-0.00115,0,0,0.002602,coxa2l,0,0,0,,,,,,,,,,,,
femur2l,-0.0354343003421015,0.0279697703671011,-0.000197862210528851,0,0,0,0.0192528114858659,1.48542313056443E-05,1.03179957500865E-06,1.09103927008919E-07,1.41644334268148E-05,-5.45045782090742E-08,2.80037820959128E-05,0,0,0,0,0,0,package://reccobot_description/meshes/femur2l.STL,0.698039215686274,0.698039215686274,0.698039215686274,1,0,0,0,0,0,0,package://reccobot_description/meshes/femur2l.STL,,LEG_2_2^reccobot_description-1,Origin_femur2j2,Axis_femur2j,femur2j,revolute,-0.36437,0.22127,0.0099194,0.006709,0.0066652,-0.0025797,servo22,0.70941,0.70479,0,4,5.2,-1.57,1.5,,,0.1,0.05,1.4,-1.4,80,1
servo23,-0.00573943365860688,0.00736325444199537,-1.9892851393262E-05,0,0,0,0.0241727614204212,4.85376814165641E-06,2.48640584019119E-07,-5.91911876257097E-09,5.92686151814361E-06,4.34984316824873E-09,8.53500115708355E-06,0,0,0,0,0,0,package://reccobot_description/meshes/servo23.STL,0.643137254901961,0.588235294117647,0.894117647058823,1,0,0,0,0,0,0,package://reccobot_description/meshes/servo23.STL,,SERVO_2_3^reccobot_description-1,Origin_tibia2j2,Axis_tibia2j2,tibia2j,revolute,-0.063431,0.063847,0,0.010613,0.010489,0.0026577,femur2l,0.71124,0.70294,0,1,6,-1.57,1.57,,,0.05,0.02,1.57,-1.57,30,0.5
tibia2l,-0.465322797606374,0.298108957138989,0.00402166501611856,0,0,0,0.0203799805545255,1.67743481145259E-05,1.06772013679818E-05,-2.53160639755251E-06,1.34347166284829E-05,1.93830138263256E-06,2.55169551452292E-05,0,0,0,0,0,0,package://reccobot_description/meshes/tibia2l.STL,0.698039215686274,0.698039215686274,0.698039215686274,1,0,0,0,0,0,0,package://reccobot_description/meshes/tibia2l.STL,,LEG_2_3^reccobot_description-1,Origin_servo23_tibia2j2,,servo23_tibia2j,fixed,0.43771,-0.28536,0.0016775,0,0,-0.002602,servo23,0,0,0,,,,,,,,,,,,
feet2,-0.00469227252125851,0.00381160986770518,-0.00520049499209307,0,0,0,0.00307983009444251,1.75255802828977E-07,-3.15913836042488E-08,6.2591920075703E-09,1.75669046280165E-07,-6.29889609442229E-09,2.05025370595101E-07,0,0,0,0,0,0,package://reccobot_description/meshes/feet2.STL,0.698039215686274,0.698039215686274,0.698039215686274,1,0,0,0,0,0,0,package://reccobot_description/meshes/feet2.STL,,FEET_2^reccobot_description-1,Origin_feet2j2,Axis_feet2j2,feet2j,revolute,-0.51952,0.35922,-0.025128,-0.026829,-0.026644,0.00035747,tibia2l,0.70941,0.70479,0,0,10,-0.785,0.785,,,0.2,0.05,0.7,-0.7,5,0.1
servo31,-0.322559768578556,0.172301038422271,0.0251678185355064,0,0,0,0.0240984569067207,6.83203605327443E-06,1.68294919971701E-06,3.92275637109243E-07,6.79866833186458E-06,-3.96179643711421E-07,5.61091494064439E-06,0,0,0,0,0,0,package://reccobot_description/meshes/servo31.STL,0.643137254901961,0.588235294117647,0.894117647058823,1,0,0,0,0,0,0,package://reccobot_description/meshes/servo31.STL,,SERVO_3_1^reccobot_description-1,Origin_base_servo312,,base_servo31,fixed,0.022459,-0.037253,0.013934,1.5708,0,0,base_link,0,0,0,,,,,,,,,,,,
coxa3l,-0.0317835313989139,0.023129925258272,0.0184727579065642,0,0,0,0.0210998935981904,1.77344718470842E-05,3.48878891820263E-06,-1.73447234745314E-07,2.13052910445637E-05,3.93407874910201E-07,1.11184033420276E-05,0,0,0,0,0,0,package://reccobot_description/meshes/coxa3l.STL,0.698039215686274,0.698039215686274,0.698039215686274,1,0,0,0,0,0,0,package://reccobot_description/meshes/coxa3l.STL,,LEG_3_1^reccobot_description-1,Origin_coxa3j2,Axis_coxa3j2,coxa3j,revolute,-0.32905,0.17885,0,0,0,-0.017716,servo31,0,0,1,1,6,-1.57,1.57,,,0.05,0.02,1.4,-1.4,30,0.5
servo32,-0.36402703192144,0.221609020505428,0.0194140519891027,0,0,0,0.0328373418613514,8.91392891132649E-06,-2.96887244001044E-06,2.48695121742583E-07,8.98362999292879E-06,2.45792508030005E-07,8.26690043437844E-06,0,0,0,0,0,0,package://reccobot_description/meshes/servo32.STL,0.643137254901961,0.588235294117647,0.894117647058823,1,0,0,0,0,0,0,package://reccobot_description/meshes/servo32.STL,,SERVO_3_2^reccobot_description-1,Origin_coxa3l_servo322,,coxa3l_servo32,fixed,0.3296,-0.17792,5E-05,0,0,0.002602,coxa3l,0,0,0,,,,,,,,,,,,
femur3l,-0.0966035303352529,-0.0328010961033038,-0.000197854361006805,0,0,0,0.0192528164541752,1.48542336537032E-05,1.03179934602758E-06,1.09104984055704E-07,1.41644323944253E-05,-5.45034950054486E-08,2.80037825385083E-05,0,0,0,0,0,0,package://reccobot_description/meshes/femur3l.STL,0.698039215686274,0.698039215686274,0.698039215686274,1,0,0,0,0,0,0,package://reccobot_description/meshes/femur3l.STL,,LEG_3_2^reccobot_description-1,Origin_femur3j2,Axis_femur3j2,femur3j,revolute,-0.30304,0.28189,0.0099194,0,0,-0.002602,servo32,0.70941,0.70479,0,4,5.2,-1.57,1.57,,,0.1,0.05,1.4,-1.4,80,1
servo33,-0.0349610352240036,-0.0215173445743047,-1.98926531113364E-05,0,0,0,0.0241727529161616,4.85376649444644E-06,2.4863949506395E-07,-5.91841932511845E-09,5.92686003439328E-06,4.34910640051633E-09,8.53499867937074E-06,0,0,0,0,0,0,package://reccobot_description/meshes/servo33.STL,0.643137254901961,0.588235294117647,0.894117647058823,1,0,0,0,0,0,0,package://reccobot_description/meshes/servo33.STL,,SERVO_3_3^reccobot_description-1,Origin_tibia3j2,Axis_tibia3j2,tibia3j,revolute,-0.095454,0.032033,0,0.010315,0.010194,0.0026546,femur3l,0.71124,0.70294,0,1,6,-1.57,1.57,,,0.05,0.02,1.4,-1.4,30,0.5
tibia3l,-0.455068888121498,0.298635968504784,0.015623886049526,0,0,0,0.0203799763971176,1.67743465428212E-05,1.06772005244593E-05,-2.53160593190296E-06,1.34347154389895E-05,1.93830131307768E-06,2.55169524749023E-05,0,0,0,0,0,0,package://reccobot_description/meshes/tibia3l.STL,0.698039215686274,0.698039215686274,0.698039215686274,1,0,0,0,0,0,0,package://reccobot_description/meshes/tibia3l.STL,,LEG_3_3^reccobot_description-1,Origin_servo33_tibia3l2,,servo33_tibia3l,fixed,0.39824,-0.31476,-0.0085515,-0.001929,-0.0019164,-0.0026002,servo33,0,0,0,,,,,,,,,,,,
feet3,-0.0196829574559434,-0.0110814477463609,-0.00520049734948997,0,0,0,0.0030798285900615,1.75255773717962E-07,-3.15913818549338E-08,6.25915500596758E-09,1.75668976758321E-07,-6.29889886929323E-09,2.05025333683034E-07,0,0,0,0,0,0,package://reccobot_description/meshes/feet3.STL,0.698039215686274,0.698039215686274,0.698039215686274,1,0,0,0,0,0,0,package://reccobot_description/meshes/feet3.STL,,FEET_3^reccobot_description-1,Origin_feet3j,Axis_feet3j,feet3j,revolute,-0.49356,0.37534,-0.013525,-0.022682,-0.022528,0.00025552,tibia3l,0.70941,0.70479,0,0,10,-0.785,0.785,,,0.2,0.05,0.7,-0.7,5,0.1
servo41,-0.175899322404769,0.172085580111593,0.0224908039781762,0,0,0,0.0549993897912535,1.1663836738682E-05,-2.86078186669532E-06,-3.25761528920688E-07,1.16375078398475E-05,-3.27225737356337E-07,9.22551281730925E-06,0,0,0,0,0,0,package://reccobot_description/meshes/servo41.STL,0.643137254901961,0.588235294117647,0.894117647058823,1,0,0,0,0,0,0,package://reccobot_description/meshes/servo41.STL,,SERVO_4_1^reccobot_description-1,Origin_base_servo412,,base_servo41,fixed,0.022459,-0.037253,0.013934,1.5708,0,0,base_link,0,0,0,,,,,,,,,,,,
coxa4l,-0.0317835326511136,0.0231299251838518,0.0172727578450551,0,0,0,0.0210998952855894,1.77344722682222E-05,3.48878893322265E-06,-1.73447105967461E-07,2.13052922004781E-05,3.93407988034353E-07,1.11184038453929E-05,0,0,0,0,0,0,package://reccobot_description/meshes/coxa4l.STL,0.698039215686274,0.698039215686274,0.698039215686274,1,0,0,0,0,0,0,package://reccobot_description/meshes/coxa4l.STL,,LEG_4_1^reccobot_description-1,Origin_coxa4j2,Axis_coxa4j2,coxa4j,revolute,-0.16913,0.1789,0,0,0,-1.6096,servo41,0,0,1,1,6,-1.57,1.57,,,0.05,0.02,1.4,-1.4,30,0.5
servo42,-0.36402703193112,0.221609020509639,0.019414051862226,0,0,0,0.0328373418730203,8.9139289130498E-06,-2.9688724402552E-06,2.48695119875394E-07,8.98362999722345E-06,2.45792509805699E-07,8.26690043596187E-06,0,0,0,0,0,0,package://reccobot_description/meshes/servo42.STL,0.643137254901961,0.588235294117647,0.894117647058823,1,0,0,0,0,0,0,package://reccobot_description/meshes/servo42.STL,,SERVO_4_2^reccobot_description-1,Origin_coxa4l_servo422,,coxa4l_servo42,fixed,0.32951,-0.178,-0.0012,0,0,0.002602,coxa4l,0,0,0,,,,,,,,,,,,
femur4l,-0.0362625840947357,0.0271468708444762,-0.000197851971891407,0,0,0,0.0192528102748715,1.48542304218195E-05,1.03180044791302E-06,1.09104558451051E-07,1.4164430046992E-05,-5.45031216816129E-08,2.80037773201219E-05,0,0,0,0,0,0,package://reccobot_description/meshes/femur4l.STL,0.698039215686274,0.698039215686274,0.698039215686274,1,0,0,0,0,0,0,package://reccobot_description/meshes/femur4l.STL,,LEG_4_2^reccobot_description-1,Origin_femur4j2,Axis_femur4j2,femur4j,revolute,-0.36354,0.22209,0.0099194,-0.0033127,-0.0032911,-0.0025966,servo42,0.70941,0.70479,0,4,5.2,-1.57,1.57,,,0.1,0.05,1.4,-1.4,80,1
servo43,-0.00656986935940312,0.00654250971484877,-1.98928306326326E-05,0,0,0,0.0241727620251609,4.85376822564604E-06,2.48640685720955E-07,-5.91909079056509E-09,5.92686155066159E-06,4.34985828720764E-09,8.53500125890651E-06,0,0,0,0,0,0,package://reccobot_description/meshes/servo43.STL,0.643137254901961,0.588235294117647,0.894117647058823,1,0,0,0,0,0,0,package://reccobot_description/meshes/servo43.STL,,SERVO_4_3^reccobot_description-1,Origin_tibia4j2,Axis_tibia4j2,tibia4j,revolute,-0.063431,0.063847,0,0.0070845,0.0070017,0.0026268,femur4l,0.71124,0.70294,0,1,6,-1.57,1.57,,,0.05,0.02,1.4,-1.4,30,0.5
tibia4l,-0.455224144408688,0.29811671894911,0.0125394801599297,0,0,0,0.0203799723988213,1.67743452404399E-05,1.06771992685417E-05,-2.53160577115923E-06,1.34347132979719E-05,1.9383012776708E-06,2.55169492707067E-05,0,0,0,0,0,0,package://reccobot_description/meshes/tibia4l.STL,0.698039215686274,0.698039215686274,0.698039215686274,1,0,0,0,0,0,0,package://reccobot_description/meshes/tibia4l.STL,,LEG_4_3^reccobot_description-1,Origin_servo43_tibia4l2,,servo43_tibia4l,fixed,0.42683,-0.28614,-0.006835,0,0,-0.002602,servo43,0,0,0,,,,,,,,,,,,
feet4,-0.00489833883163776,0.00360688621506011,-0.00520049441859904,0,0,0,0.0030798304332486,1.75255812358691E-07,-3.1591384749421E-08,6.25919450854644E-09,1.75669056157634E-07,-6.2988979453629E-09,2.05025375613724E-07,0,0,0,0,0,0,package://reccobot_description/meshes/feet4.STL,0.698039215686274,0.698039215686274,0.698039215686274,1,0,0,0,0,0,0,package://reccobot_description/meshes/feet4.STL,,FEET_4^reccobot_description-1,Origin_feet4j2,Axis_feet4j2,feet4j,revolute,-0.5085,0.36013,-0.01661,-0.031213,-0.030995,0.00048382,tibia4l,0.70941,0.70479,0,0,10,-0.785,0.785,,,0.2,0.05,0.7,-0.7,5,0.1
cambase,-4.85972373454047E-13,0.00363282726513761,-0.00280912601207582,0,0,0,0.00217028149426883,2.67489404265614E-07,-1.27171708971365E-18,3.32001644083873E-17,2.14887158536916E-07,-7.35015121718887E-09,4.59393361071686E-07,0,0,0,0,0,0,package://reccobot_description/meshes/cambase.STL,0.698039215686274,0.698039215686274,0.698039215686274,1,0,0,0,0,0,0,package://reccobot_description/meshes/cambase.STL,,CAM_BASE^reccobot_description-1,Origin_base_cambase,Axis_base_cambase,base_cambase,fixed,-0.158352952588617,-0.067572182853491,0.129818565608473,1.57079632679491,1.56559228897925,-3.14159265358978,base_link,0,0,0,,,,,,,,,,,,
caml1,-0.013516039389848,-0.0151119450257868,-0.0157339735136445,0,0,0,0.0231834131739146,3.49484842949337E-06,-5.13684784589831E-07,1.64438290748317E-07,3.13440598348059E-06,1.56651144865674E-07,4.21531812902304E-06,0,0,0,0,0,0,package://reccobot_description/meshes/caml1.STL,0.643137254901961,0.588235294117647,0.894117647058823,1,0,0,0,0,0,0,package://reccobot_description/meshes/caml1.STL,,CAM_LINK1^reccobot_description-1,Origin_cambase_caml1,Axis_cambase_caml1,cambase_caml1,revolute,0,0,0,0.52319,-0.42844,0.61122,cambase,0.41546,0.45448,0.78793,0.18,8.73,-1.57,1.57,,,0.02,0.01,1.4,-1.4,10,0.3
caml2,-0.00829787092843479,-0.00125257693634678,0.0034961726278622,0,0,0,0.0209078266382902,1.88622426776458E-06,-9.79229834524731E-08,2.84219026709425E-07,2.17194884551475E-06,7.17831496739944E-09,3.09410298894122E-06,0,0,0,0,0,0,package://reccobot_description/meshes/caml2.STL,0.643137254901961,0.588235294117647,0.894117647058823,1,0,0,0,0,0,0,package://reccobot_description/meshes/caml2.STL,,CAM_LINK2^reccobot_description-1,Origin_caml1_caml2,Axis_caml1_caml2,caml1_caml2,revolute,-0.032105,-0.035121,-0.016879,0,-0.89729,0.83023,caml1,0,1,0,0.18,8.7,-1.57,1.57,,,0.02,0.01,1.4,-1.4,10,0.3
caml,0.00136224010866628,-0.000831992864671033,2.35922392732846E-15,0,0,0,0.00245642216350232,1.81975806027427E-07,3.81792745135696E-09,-1.62573370771801E-20,9.77136681158312E-08,4.2313131765443E-21,9.60989355374431E-08,0,0,0,0,0,0,package://reccobot_description/meshes/caml.STL,0.894117647058823,0.596078431372549,0.596078431372549,1,0,0,0,0,0,0,package://reccobot_description/meshes/caml.STL,,CAM^reccobot_description-1,Origin_camj,,camj,fixed,-0.01155,-0.00096998,0.0108,1.5663,-1.5708,-3.1339,caml2,0,0,0,,,,,,,,,,,,
cell1,-0.244694104887168,0.160666796035246,-0.00618055061929496,0,0,0,0.0499853466405161,2.0244065389409E-06,3.53239426414076E-20,2.94496692564637E-15,1.86112107324855E-05,-1.81954433898578E-24,1.86112107324855E-05,0,0,0,0,0,0,package://reccobot_description/meshes/cell1.STL,0.894117647058823,0.596078431372549,0.596078431372549,1,0,0,0,0,0,0,package://reccobot_description/meshes/cell1.STL,,CELL_2^reccobot_description-1,Origin_base_cell12,Axis_base_cell1,base_cell1,fixed,0.0224591225389912,-0.0372527334765431,0.0139338253382222,1.5707963267949,0,0,base_link,0,0,0,,,,,,,,,,,,
cell2,-0.21605789587199,0.1023675823468,0.0408194493855248,0,0,0,0.0499853466405161,1.86107615325504E-05,-8.63167978228236E-08,1.49335843962057E-17,2.02485573887598E-06,2.86959022521827E-15,1.86112107324855E-05,0,0,0,0,0,0,package://reccobot_description/meshes/cell2.STL,0.894117647058823,0.596078431372549,0.596078431372549,1,0,0,0,0,0,0,package://reccobot_description/meshes/cell2.STL,,CELL_3^reccobot_description-1,Origin_base_cell22,Axis_base_cell2,base_cell2,fixed,0.0224591225389912,-0.0372527334765431,0.0139338253382222,1.5707963267949,0,0,base_link,0,0,0,,,,,,,,,,,,
lipo,-0.258174830572919,0.263999232932751,-0.0477397920000414,0,0,0,0.349997884499999,0.00101233971442587,-1.58525796998738E-13,-9.71976093727736E-15,0.00011999094140275,9.71450148261008E-17,0.000955873389059873,0,0,0,0,0,0,package://reccobot_description/meshes/lipo.STL,0.584313725490196,0.886274509803922,0.862745098039216,1,0,0,0,0,0,0,package://reccobot_description/meshes/lipo.STL,,LIPO^reccobot_description-1,Origin_base_lipo2,Axis_base_lipo,base_lipo,fixed,0.03786685284412,-0.28824701343813,0.083860829373268,-3.14159265358973,0,-1.5707963267949,base_link,0,0,0,,,,,,,,,,,,
imul,-0.213501631412028,0.113837295066825,0.0161781119117345,0,0,0,0.002937161766458,1.52539886110946E-07,2.2856887179168E-12,-8.05576700837749E-11,1.23745165873367E-07,3.85175465800715E-12,2.74693453874094E-07,0,0,0,0,0,0,package://reccobot_description/meshes/imul.STL,0.894117647058823,0.596078431372549,0.596078431372549,1,0,0,0,0,0,0,package://reccobot_description/meshes/imul.STL,,IMU^reccobot_description-1,Origin_imuj2,Axis_imuj,imuj,fixed,0.0224591225389912,-0.0372527334765431,0.0139338253382222,1.5707963267949,0,0,base_link,0,0,0,,,,,,,,,,,,
cell3,0.0325,5.77030437320936E-12,-5.55111512312578E-17,0,0,0,0.0499853466405161,2.0244065389409E-06,-2.94495377364414E-15,3.32709575907461E-20,1.86112107324855E-05,5.89761258692036E-30,1.86112107324855E-05,0,0,0,0,0,0,package://reccobot_description/meshes/cell3.STL,0.894117647058823,0.596078431372549,0.596078431372549,1,0,0,0,0,0,0,package://reccobot_description/meshes/cell3.STL,,CELL_1^reccobot_description-1,Origin_base_cell32,Axis_base_cell3,base_cell3,fixed,-0.254734982348177,-0.031072182877828,0.088600621373457,0,0,0,base_link,0,0,0,,,,,,,,,,,,
stepper,-0.249087331832357,0.116064652826235,0.0263763295335413,0,0,0,0.207103571205244,4.95697655016273E-05,-3.13286961279758E-13,1.34899285182874E-09,4.9569645101094E-05,-3.50862704404448E-12,5.8177968963898E-05,0,0,0,0,0,0,package://reccobot_description/meshes/stepper.STL,0.698039215686274,0.698039215686274,0.698039215686274,1,0,0,0,0,0,0,package://reccobot_description/meshes/stepper.STL,,STEPPER^reccobot_description-1,Origin_base_stepper2,,base_stepper,fixed,0.022459,-0.037253,0.013934,1.5708,0,0,base_link,0,0,0,,,,,,,,,,,,
coupling,-0.0222071129770512,5.34128297147163E-12,-1.27708954522632E-12,0,0,0,0.0173973531530402,5.50419861200883E-07,5.24434323804791E-16,-1.25398434632474E-16,2.73088742482146E-06,0,2.73088742482146E-06,0,0,0,0,0,0,package://reccobot_description/meshes/coupling.STL,0.898039215686275,0.917647058823529,0.929411764705882,1,0,0,0,0,0,0,package://reccobot_description/meshes/coupling.STL,,LIDAR_COUPLING.STEP-1,Origin_base_coupling2,Axis_base_coupling2,base_coupling,revolute,-0.24909,0.11606,0.045789,1.0356,1.5708,0,stepper,1,0,0,0.5,0.6,-6.28,6.25,,,0.02,0.01,6,-6,5,0.2
flange,-2.90384383205833E-12,7.90534304684343E-13,0.0121683891910861,0,0,0,0.0165181718451683,2.60100400176592E-06,1.58818677610181E-21,5.68956069101515E-17,2.60100400176592E-06,-1.54692570472504E-17,2.36255703355926E-06,0,0,0,0,0,0,package://reccobot_description/meshes/flange.STL,0.698039215686274,0.698039215686274,0.698039215686274,1,0,0,0,0,0,0,package://reccobot_description/meshes/flange.STL,,FLANGE_COUPLING^reccobot_description-1,Origin_coupling_flange2,,coupling_flange,fixed,-0.044,0,0,1.5708,-0.50045,-1.5708,coupling,0,0,0,,,,,,,,,,,,
lidarmount,-0.248417640151496,0.114901144087754,0.12950047438279,0,0,0,0.0199629448790884,9.39303887331325E-06,-1.33283096989708E-06,-5.30310010911762E-08,1.0942656994844E-05,9.2159975733057E-08,6.50210639657573E-06,0,0,0,0,0,0,package://reccobot_description/meshes/lidarmount.STL,0.698039215686274,0.698039215686274,0.698039215686274,1,0,0,0,0,0,0,package://reccobot_description/meshes/lidarmount.STL,,LIDAR_MOUNT^reccobot_description-1,Origin_flange_lidarmount2,,flange_lidarmount,fixed,0.24909,-0.11606,-0.089789,0,0,0,flange,0,0,0,,,,,,,,,,,,
lidarl,-0.256143176414863,0.1283285607983,0.143452449615597,0,0,0,0.109998846473485,4.02318810582621E-05,-7.76004870962997E-06,-7.75960890763623E-12,4.92541598732305E-05,-4.46080940664635E-12,3.57666279058567E-05,0,0,0,0,0,0,package://reccobot_description/meshes/lidarl.STL,0.698039215686274,0.698039215686274,0.698039215686274,1,0,0,0,0,0,0,package://reccobot_description/meshes/lidarl.STL,,LIDAR^reccobot_description-1,Origin_lidarmount_lidar2,,lidarmount_lidar,fixed,0,0,0,0,0,0,lidarmount,0,0,0,,,,,,,,,,,,
encoder,0,0,0,0,0,0,0,0,0,0,0,0,0,0,0,0,0,0,0,package://reccobot_description/meshes/encoder.STL,1,1,1,1,0,0,0,0,0,0,package://reccobot_description/meshes/encoder.STL,,ENCODER^reccobot_description-1,Origin_base_encoder2,Axis_base_encoder,base_encoder,fixed,0.0224591225389912,-0.0372527334765431,0.0139338253382222,1.5707963267949,0,0,base_link,0,0,0,,,,,,,,,,,,
